"","WT.t0m","WT.t15m","WT.t30m","WT.t45m","WT.t60m","WT.t75m","WT.t90m","WT.t105m","WT.t120m","DeltaSet1.t0m","DeltaSet1.t15m","DeltaSet1.t30m","DeltaSet1.t45m","DeltaSet1.t60m","DeltaSet1.t75m","DeltaSet1.t90m","DeltaSet1.t105m","DeltaSet1.t120m"
"HTB2",31,111,1228,1121,515,324,824,532,268,98,259,476,584,166,212,814,1297,495
"HHF1",62,197,3426,3791,1384,625,2342,1042,943,204,296,1749,2279,492,339,3090,4059,1575
"HHT1",73,192,1477,1192,404,333,1090,305,185,180,227,621,658,205,202,1549,1382,515
"POL30",25,99,305,67,30,246,235,51,43,91,412,70,35,30,308,200,89,45
"KCC4",5,25,40,6,7,60,28,8,4,13,127,8,10,10,64,50,19,10
"MCD1",15,99,547,122,58,410,377,217,52,38,903,79,80,53,413,307,186,87
"MSA1-1of2",4,5,5,7,7,6,5,1,1,4,4,1,3,2,8,1,6,7
"HTB1",64,177,2020,1257,472,377,854,377,378,178,397,664,691,191,220,1089,1070,442
"SUT476",20,26,51,41,79,154,65,31,11,31,40,7,44,35,25,20,30,21
"APQ12",75,181,345,185,238,350,204,101,98,144,160,30,137,111,128,91,115,94
"RNR1",34,238,1017,282,142,388,437,198,65,137,1055,181,120,78,429,476,216,115
"SWI4",8,20,48,17,16,53,51,18,8,34,128,11,24,17,74,39,18,15
"RUF213",1,0,3,3,1,0,0,0,0,1,1,0,0,0,1,0,1,0
"TUB2",76,105,233,306,332,349,165,80,93,229,197,90,448,340,279,223,367,317
"CDC20",22,30,18,44,145,176,41,14,55,66,42,5,108,208,99,41,30,151
"CLB6",6,109,158,54,20,250,199,58,9,15,878,24,23,9,354,125,56,27
"CLB1",4,5,25,252,376,216,45,72,127,4,9,28,367,263,88,54,294,340
"TOS2",15,31,96,38,25,53,38,22,27,29,125,25,19,13,57,55,17,14
"FAR1",608,434,335,291,481,1585,504,75,205,1551,82,19,75,537,874,173,122,441
"SUT24",0,3,18,18,25,11,5,8,8,6,10,2,22,13,17,8,28,19
"LOH1",1,1,3,7,4,1,2,6,4,10,9,16,20,10,4,23,25,7
"PIR3",12,199,53,12,21,37,10,7,11,16,124,5,9,9,33,9,6,11
"MSA2",9,81,43,13,14,133,48,12,7,20,155,8,13,9,112,37,20,14
"HIF1",47,100,310,288,192,317,295,291,306,175,507,161,295,256,419,356,286,100
"TUB4",25,81,158,100,94,186,113,49,36,117,242,46,131,105,181,165,135,113
"TUB3",49,70,112,155,159,169,71,33,85,161,189,75,243,161,150,89,156,130
"TUB33",4,3,7,8,8,14,5,3,2,11,10,3,17,5,8,9,10,2
"TUB1",134,153,283,640,704,580,335,327,740,326,437,201,1004,883,709,582,1030,673
"SUT2873",67,222,198,130,154,361,172,57,41,226,598,35,134,219,189,131,153,113
"CDC5",28,43,85,263,434,265,62,93,98,54,50,58,406,360,115,60,205,358
"CLN1",7,73,276,202,72,177,245,133,18,15,346,35,56,18,163,147,90,41
"TOS6",25,169,2730,789,314,462,1288,1100,267,91,1652,863,330,91,505,1567,820,282
"MRPL10",9,37,59,58,73,104,59,23,28,41,39,6,36,31,46,32,40,58
"TOM70",42,79,125,114,110,112,63,21,37,134,119,33,113,90,108,83,110,94
"POL1",10,48,137,57,23,96,92,25,18,34,131,42,43,25,123,123,71,25
"HHT2",341,783,4486,3748,1726,1296,2491,1611,1386,920,1851,1929,2789,810,1062,3402,4400,1697
"HHF2",75,164,1761,1263,508,396,1078,553,246,209,540,690,775,167,386,1286,1399,470
"NRM1",1,17,114,151,67,37,70,63,41,5,106,34,134,38,51,80,160,82
"MSA1-2of2",31,94,67,29,89,211,48,23,20,65,114,5,14,95,152,30,22,34
"ACM1",4,46,62,13,16,98,89,19,12,14,234,13,9,3,92,67,32,9
"CLN2",36,171,415,160,67,296,435,115,83,134,952,81,77,30,435,452,272,91
"SRP68",66,96,139,182,242,282,173,102,132,175,172,59,189,134,203,125,164,147
"PRP46",21,38,48,60,69,57,43,22,42,46,58,16,40,59,53,45,49,43
"CLB2",14,33,65,100,190,151,31,47,79,48,26,20,177,306,68,34,156,155
"CLB5",5,36,45,25,27,58,36,4,16,16,104,8,18,13,55,21,19,15
